symbol,exchange,timestamp,open,high,low,close,volume
INFY,NSE,2022-01-03,1887.75,1914.05,1887.75,1898.45,3329616
INFY,NSE,2022-01-04,1898.45,1906.65,1878.0,1899.15,3921999
INFY,NSE,2022-01-05,1900.0,1902.9,1840.0,1844.65,6995719
INFY,NSE,2022-01-06,1828.0,1828.0,1800.0,1817.8,6449205
INFY,NSE,2022-01-07,1815.45,1836.0,1806.8,1814.3,4834389
INFY,NSE,2022-01-10,1815.0,1869.9,1813.0,1850.75,7857560
INFY,NSE,2022-01-11,1855.0,1870.0,1850.15,1855.6,5142287
INFY,NSE,2022-01-12,1868.9,1889.0,1860.0,1877.45,5362535
INFY,NSE,2022-01-13,1905.0,1912.5,1866.35,1896.8,14277630
INFY,NSE,2022-01-14,1882.0,1933.0,1881.0,1929.35,7688506
INFY,NSE,2022-01-17,1938.55,1953.9,1930.5,1939.5,5262464
INFY,NSE,2022-01-18,1922.1,1945.0,1911.45,1920.75,3690315
INFY,NSE,2022-01-19,1916.0,1916.0,1862.85,1867.05,5747770
INFY,NSE,2022-01-20,1844.0,1848.0,1815.5,1823.7,5533463
INFY,NSE,2022-01-21,1795.0,1808.0,1776.0,1785.7,8252758
INFY,NSE,2022-01-24,1765.0,1768.65,1728.0,1736.8,7116712
INFY,NSE,2022-01-25,1726.6,1740.0,1700.5,1722.15,9137653
INFY,NSE,2022-01-27,1702.0,1709.7,1665.0,1678.6,11231734
INFY,NSE,2022-01-28,1681.0,1727.55,1679.5,1686.2,10998502
INFY,NSE,2022-01-31,1718.0,1749.5,1715.35,1736.2,8788872
INFY,NSE,2022-02-01,1766.1,1780.0,1734.7,1772.05,5119935
INFY,NSE,2022-02-02,1789.0,1792.8,1772.0,1787.1,4253717
INFY,NSE,2022-02-03,1779.0,1779.0,1734.0,1738.55,3832922
INFY,NSE,2022-02-04,1732.0,1753.95,1710.15,1741.1,4700077
INFY,NSE,2022-02-07,1722.2,1732.0,1695.4,1715.0,4310209
INFY,NSE,2022-02-08,1710.0,1725.0,1696.0,1717.3,6053401
INFY,NSE,2022-02-09,1735.0,1743.0,1725.0,1737.3,3867244
INFY,NSE,2022-02-10,1755.65,1773.9,1748.75,1769.6,4334630
INFY,NSE,2022-02-11,1740.0,1745.95,1713.0,1721.35,7551371
INFY,NSE,2022-02-14,1690.0,1718.55,1678.25,1682.2,7459637
INFY,NSE,2022-02-15,1699.0,1746.75,1690.45,1738.25,4669915
INFY,NSE,2022-02-16,1738.25,1755.45,1726.85,1733.3,5350642
INFY,NSE,2022-02-17,1744.0,1749.0,1720.3,1724.8,3937950
INFY,NSE,2022-02-18,1710.0,1722.5,1703.5,1706.95,5602215
INFY,NSE,2022-02-21,1701.0,1737.3,1691.5,1730.7,5120890
INFY,NSE,2022-02-22,1699.9,1751.0,1691.05,1734.35,8878515
INFY,NSE,2022-02-23,1750.0,1758.25,1733.4,1742.85,5478811
INFY,NSE,2022-02-24,1690.1,1714.95,1670.5,1678.15,13592379
INFY,NSE,2022-02-25,1715.0,1728.15,1677.0,1694.6,9737281
INFY,NSE,2022-02-28,1682.2,1728.05,1665.0,1715.6,15076542
INFY,NSE,2022-03-02,1710.0,1714.4,1691.0,1702.8,6771489
INFY,NSE,2022-03-03,1720.2,1733.9,1705.55,1720.85,7344147
INFY,NSE,2022-03-04,1695.25,1736.0,1681.0,1723.3,9074499
INFY,NSE,2022-03-07,1697.0,1751.0,1696.0,1739.85,9742588
INFY,NSE,2022-03-08,1718.45,1800.0,1718.45,1778.2,10984500
INFY,NSE,2022-03-09,1791.0,1831.6,1791.0,1813.35,10193515
INFY,NSE,2022-03-10,1844.75,1844.75,1810.2,1825.9,6547182
INFY,NSE,2022-03-11,1814.0,1831.4,1811.0,1822.0,4758657
INFY,NSE,2022-03-14,1831.55,1895.0,1831.55,1890.7,10289724
INFY,NSE,2022-03-15,1888.35,1888.35,1830.0,1839.3,7140443
INFY,NSE,2022-03-16,1865.0,1893.95,1849.0,1889.4,5233979
INFY,NSE,2022-03-17,1923.3,1923.3,1833.05,1854.6,17731459
INFY,NSE,2022-03-21,1861.0,1886.9,1841.1,1853.05,8362085
INFY,NSE,2022-03-22,1850.0,1890.0,1839.0,1887.4,5709382
INFY,NSE,2022-03-23,1897.0,1900.0,1857.0,1872.4,6192824
INFY,NSE,2022-03-24,1856.15,1894.6,1856.15,1886.7,3784303
INFY,NSE,2022-03-25,1892.0,1894.0,1858.0,1876.55,3438588
INFY,NSE,2022-03-28,1866.0,1880.9,1852.65,1873.9,4008555
INFY,NSE,2022-03-29,1873.9,1889.4,1860.55,1886.0,3917785
INFY,NSE,2022-03-30,1910.0,1919.0,1895.0,1903.95,7795839
INFY,NSE,2022-03-31,1900.0,1913.0,1894.2,1906.85,5399145
INFY,NSE,2022-04-01,1886.85,1910.3,1878.3,1903.55,6171518
INFY,NSE,2022-04-04,1889.75,1893.0,1873.0,1882.95,7364074
INFY,NSE,2022-04-05,1883.8,1889.6,1857.15,1861.1,5472024
INFY,NSE,2022-04-06,1855.0,1857.5,1822.15,1828.85,5407453
INFY,NSE,2022-04-07,1821.05,1828.15,1807.55,1811.0,5797544
INFY,NSE,2022-04-08,1823.0,1838.0,1808.0,1814.6,5131446
INFY,NSE,2022-04-11,1814.0,1814.0,1762.55,1766.55,8248407
INFY,NSE,2022-04-12,1757.5,1757.5,1727.75,1742.45,6456184
INFY,NSE,2022-04-13,1754.95,1757.5,1732.0,1748.55,6257693
INFY,NSE,2022-04-18,1605.5,1650.0,1590.0,1621.4,30523965
INFY,NSE,2022-04-19,1636.65,1636.65,1550.0,1562.0,17044923
INFY,NSE,2022-04-20,1575.0,1596.3,1563.0,1587.7,10678747
INFY,NSE,2022-04-21,1595.0,1627.2,1589.25,1618.8,7766514
INFY,NSE,2022-04-22,1604.35,1610.7,1582.4,1585.45,8134245
INFY,NSE,2022-04-25,1572.8,1572.8,1554.1,1561.1,7000570
INFY,NSE,2022-04-26,1577.2,1592.0,1566.55,1581.0,5345435
INFY,NSE,2022-04-27,1572.75,1572.75,1550.35,1552.8,8819356
INFY,NSE,2022-04-28,1570.0,1601.8,1557.45,1582.6,9245177
INFY,NSE,2022-04-29,1590.0,1597.3,1560.8,1567.55,9831395
INFY,NSE,2022-05-02,1550.9,1552.75,1531.0,1541.0,7072627
INFY,NSE,2022-05-04,1547.25,1570.0,1530.15,1535.55,6220959
INFY,NSE,2022-05-05,1560.05,1589.4,1557.45,1585.15,6144870
INFY,NSE,2022-05-06,1550.0,1561.85,1535.05,1542.85,6171472
INFY,NSE,2022-05-09,1540.0,1586.8,1522.15,1570.35,6832202
INFY,NSE,2022-05-10,1558.0,1569.15,1546.05,1553.0,6212545
INFY,NSE,2022-05-11,1549.95,1549.95,1511.6,1526.75,7846080
INFY,NSE,2022-05-12,1514.0,1527.5,1504.3,1508.8,7034979
INFY,NSE,2022-05-13,1519.3,1529.25,1498.1,1504.4,6723761
INFY,NSE,2022-05-16,1510.0,1511.85,1478.65,1489.1,6145331
INFY,NSE,2022-05-17,1494.9,1525.0,1480.9,1518.45,6516378
INFY,NSE,2022-05-18,1522.0,1549.7,1505.3,1509.2,6594126
INFY,NSE,2022-05-19,1481.0,1484.7,1417.65,1427.15,16561140
INFY,NSE,2022-05-20,1453.0,1466.75,1446.7,1455.15,10488908
INFY,NSE,2022-05-23,1455.1,1488.0,1450.05,1468.4,5887569
INFY,NSE,2022-05-24,1468.6,1469.55,1435.25,1441.0,5693167
INFY,NSE,2022-05-25,1435.0,1442.5,1399.25,1410.45,9630092
INFY,NSE,2022-05-26,1418.0,1430.0,1407.05,1423.95,13040065
INFY,NSE,2022-05-27,1443.95,1467.0,1437.4,1461.35,8284860
INFY,NSE,2022-05-30,1487.0,1530.0,1485.0,1526.8,10904213
INFY,NSE,2022-05-31,1510.7,1518.0,1488.15,1503.6,16033857
INFY,NSE,2022-06-01,1513.0,1514.75,1472.1,1478.55,8738508
INFY,NSE,2022-06-02,1484.0,1513.85,1475.6,1508.0,7205840
INFY,NSE,2022-06-03,1524.9,1555.0,1518.0,1521.7,9395707
INFY,NSE,2022-06-06,1516.0,1536.6,1493.0,1530.05,6624883
INFY,NSE,2022-06-07,1519.85,1519.85,1502.6,1506.7,4904592
INFY,NSE,2022-06-08,1520.2,1520.2,1492.0,1500.0,4697608
INFY,NSE,2022-06-09,1485.0,1516.95,1481.5,1515.0,4361061
INFY,NSE,2022-06-10,1486.1,1493.95,1473.6,1476.8,6516436
INFY,NSE,2022-06-13,1443.6,1443.6,1411.7,1424.5,6987685
INFY,NSE,2022-06-14,1410.0,1448.9,1403.15,1440.55,6090247
INFY,NSE,2022-06-15,1440.2,1446.4,1418.85,1422.2,4651958
INFY,NSE,2022-06-16,1438.0,1443.75,1392.0,1397.2,6641772
INFY,NSE,2022-06-17,1391.05,1396.95,1367.15,1387.3,9692047
INFY,NSE,2022-06-20,1390.05,1422.35,1382.0,1414.15,4595194
INFY,NSE,2022-06-21,1424.0,1456.0,1422.75,1449.9,6270787
INFY,NSE,2022-06-22,1436.05,1459.6,1435.0,1437.25,6253366
INFY,NSE,2022-06-23,1439.8,1458.0,1433.0,1452.45,6254281
INFY,NSE,2022-06-24,1458.0,1467.5,1428.9,1441.1,6114340
INFY,NSE,2022-06-27,1468.05,1484.0,1465.15,1474.6,4511097
INFY,NSE,2022-06-28,1469.0,1488.25,1453.0,1480.15,4412178
INFY,NSE,2022-06-29,1464.7,1477.0,1457.0,1463.25,5060038
INFY,NSE,2022-06-30,1465.05,1482.0,1455.0,1461.9,9165177
INFY,NSE,2022-07-01,1454.0,1485.0,1442.35,1479.4,4651635
INFY,NSE,2022-07-04,1480.25,1492.25,1462.0,1488.0,4800224
INFY,NSE,2022-07-05,1498.8,1509.95,1472.0,1475.95,7379669
INFY,NSE,2022-07-06,1482.2,1500.0,1470.0,1491.65,5209162
INFY,NSE,2022-07-07,1503.05,1513.95,1495.7,1498.7,3323472
INFY,NSE,2022-07-08,1515.0,1516.95,1499.95,1514.45,3652582
INFY,NSE,2022-07-11,1495.0,1499.9,1466.4,1473.15,4702638
INFY,NSE,2022-07-12,1461.8,1468.6,1436.0,1438.6,4710356
INFY,NSE,2022-07-13,1450.0,1460.0,1438.6,1444.45,5264025
INFY,NSE,2022-07-14,1451.0,1452.95,1414.0,1428.85,6157606
INFY,NSE,2022-07-15,1446.0,1446.0,1410.65,1430.35,5620018
INFY,NSE,2022-07-18,1450.0,1493.6,1448.05,1489.9,5835171
INFY,NSE,2022-07-19,1471.55,1486.85,1470.1,1484.15,3418540
INFY,NSE,2022-07-20,1501.25,1525.8,1500.0,1515.3,5079392
INFY,NSE,2022-07-21,1517.0,1535.45,1503.1,1532.9,5008061
INFY,NSE,2022-07-22,1534.0,1540.0,1492.15,1506.3,7020642
INFY,NSE,2022-07-25,1480.1,1517.15,1480.1,1503.6,7859626
INFY,NSE,2022-07-26,1496.65,1496.65,1445.0,1451.15,7268273
INFY,NSE,2022-07-27,1451.0,1473.0,1445.0,1471.05,4517285
INFY,NSE,2022-07-28,1496.4,1524.45,1489.85,1517.4,6636841
INFY,NSE,2022-07-29,1532.8,1555.7,1528.0,1549.7,7009465
INFY,NSE,2022-08-01,1564.0,1564.0,1537.9,1551.05,2983249
INFY,NSE,2022-08-02,1546.55,1547.0,1528.35,1543.6,4374635
INFY,NSE,2022-08-03,1549.0,1570.0,1539.9,1566.1,6011955
INFY,NSE,2022-08-04,1587.5,1603.85,1574.95,1599.9,7402209
INFY,NSE,2022-08-05,1608.4,1625.7,1602.3,1616.65,5361971
INFY,NSE,2022-08-08,1617.0,1622.0,1596.0,1619.4,3763409
INFY,NSE,2022-08-10,1621.2,1621.2,1588.1,1602.45,4423829
INFY,NSE,2022-08-11,1630.0,1631.35,1616.0,1619.95,3462090
INFY,NSE,2022-08-12,1613.3,1614.0,1590.15,1594.1,3562286
INFY,NSE,2022-08-16,1609.0,1609.0,1591.1,1596.45,3004430
INFY,NSE,2022-08-17,1596.45,1612.0,1585.0,1606.25,4067324
INFY,NSE,2022-08-18,1594.1,1598.2,1574.0,1582.95,4635706
INFY,NSE,2022-08-19,1585.3,1604.9,1585.1,1597.1,4739884
INFY,NSE,2022-08-22,1586.0,1599.0,1574.0,1575.65,3950555
INFY,NSE,2022-08-23,1548.0,1554.5,1533.0,1542.4,5551574
INFY,NSE,2022-08-24,1535.0,1546.0,1531.0,1537.5,2888426
INFY,NSE,2022-08-25,1548.0,1548.7,1513.75,1518.15,4331088
INFY,NSE,2022-08-26,1535.15,1544.95,1517.45,1521.55,3079136
INFY,NSE,2022-08-29,1468.55,1468.55,1450.0,1461.75,8079050
INFY,NSE,2022-08-30,1473.1,1496.1,1466.0,1492.95,6725875
INFY,NSE,2022-09-01,1460.05,1468.1,1451.05,1464.2,8140604
INFY,NSE,2022-09-02,1478.0,1478.0,1448.0,1453.0,5175653
INFY,NSE,2022-09-05,1451.0,1467.0,1446.35,1461.3,3669352
INFY,NSE,2022-09-06,1461.3,1470.0,1445.45,1455.1,3428442
INFY,NSE,2022-09-07,1440.0,1465.75,1438.05,1457.65,3600574
INFY,NSE,2022-09-08,1475.0,1481.1,1463.6,1475.9,4061475
INFY,NSE,2022-09-09,1488.0,1520.0,1480.0,1511.65,4816910
INFY,NSE,2022-09-12,1525.8,1545.9,1521.15,1536.2,5494819
INFY,NSE,2022-09-13,1551.9,1553.0,1541.3,1544.95,4947158
INFY,NSE,2022-09-14,1497.0,1498.95,1472.0,1475.4,14332197
INFY,NSE,2022-09-15,1475.0,1475.2,1429.05,1432.8,12784100
INFY,NSE,2022-09-16,1425.0,1425.0,1368.35,1377.05,20464045
INFY,NSE,2022-09-19,1392.0,1406.0,1380.6,1390.3,6595241
INFY,NSE,2022-09-20,1407.95,1413.55,1385.1,1388.55,7219797
INFY,NSE,2022-09-21,1379.9,1388.8,1368.4,1377.25,7917054
INFY,NSE,2022-09-22,1366.35,1383.95,1360.0,1367.95,9168498
INFY,NSE,2022-09-23,1367.5,1394.8,1362.0,1365.45,10426200
INFY,NSE,2022-09-26,1360.0,1399.45,1355.0,1380.25,9414587
INFY,NSE,2022-09-27,1393.45,1406.5,1378.0,1393.55,8561254
INFY,NSE,2022-09-28,1379.0,1405.85,1377.0,1394.7,7022098
INFY,NSE,2022-09-29,1404.9,1409.85,1393.0,1398.65,6119965
INFY,NSE,2022-09-30,1388.95,1419.3,1376.0,1413.45,8120130
INFY,NSE,2022-10-03,1412.0,1412.0,1386.0,1393.75,4943169
INFY,NSE,2022-10-04,1419.7,1432.25,1414.0,1429.4,6631341
INFY,NSE,2022-10-06,1445.0,1459.8,1444.1,1455.15,6180672
INFY,NSE,2022-10-07,1446.35,1457.85,1440.15,1451.2,3994466
INFY,NSE,2022-10-10,1426.35,1465.0,1426.35,1462.65,5274677
INFY,NSE,2022-10-11,1462.65,1479.65,1420.1,1423.8,12824774
INFY,NSE,2022-10-12,1437.0,1441.1,1413.55,1428.7,5481467
INFY,NSE,2022-10-13,1431.0,1437.95,1415.0,1419.9,4821514
INFY,NSE,2022-10-14,1485.0,1494.0,1467.25,1474.25,14990688
INFY,NSE,2022-10-17,1476.9,1495.0,1475.5,1489.95,4286396
INFY,NSE,2022-10-18,1510.0,1510.95,1497.25,1503.7,4692004
INFY,NSE,2022-10-19,1504.0,1504.95,1481.3,1485.45,3553171
INFY,NSE,2022-10-20,1475.0,1504.0,1474.2,1500.9,4583939
INFY,NSE,2022-10-21,1500.3,1506.0,1491.35,1500.5,3594485
INFY,NSE,2022-10-24,1518.5,1521.8,1511.0,1517.85,982837
INFY,NSE,2022-10-25,1528.1,1532.9,1521.05,1526.3,3914341
INFY,NSE,2022-10-27,1530.8,1534.9,1512.5,1523.95,6760137
INFY,NSE,2022-10-28,1526.0,1527.95,1507.0,1513.25,3053981
INFY,NSE,2022-10-31,1530.25,1546.4,1530.25,1537.65,4542336
INFY,NSE,2022-11-01,1553.05,1575.0,1547.1,1573.0,4542692
INFY,NSE,2022-11-02,1572.0,1572.75,1545.0,1553.3,2938906
INFY,NSE,2022-11-03,1538.75,1543.9,1521.65,1530.75,3174027
INFY,NSE,2022-11-04,1520.45,1520.45,1501.15,1514.0,4509682
INFY,NSE,2022-11-07,1521.4,1527.9,1491.1,1507.45,4898592
INFY,NSE,2022-11-09,1529.0,1529.0,1501.1,1511.2,3334755
INFY,NSE,2022-11-10,1485.0,1512.0,1485.0,1501.95,3435763
INFY,NSE,2022-11-11,1546.65,1573.5,1546.65,1570.1,7214098
INFY,NSE,2022-11-14,1575.15,1591.4,1568.45,1585.3,4908813
INFY,NSE,2022-11-15,1577.85,1597.85,1572.75,1594.0,3497614
INFY,NSE,2022-11-16,1597.15,1609.0,1593.5,1602.8,4497697
INFY,NSE,2022-11-17,1597.2,1602.8,1582.95,1587.4,3469515
INFY,NSE,2022-11-18,1591.7,1598.0,1575.5,1593.4,3126064
INFY,NSE,2022-11-21,1582.1,1587.85,1564.05,1568.2,3071764
INFY,NSE,2022-11-22,1569.0,1588.0,1562.0,1585.05,3399329
INFY,NSE,2022-11-23,1588.9,1592.0,1579.3,1583.15,3245067
INFY,NSE,2022-11-24,1589.0,1636.0,1584.75,1629.8,5282215
INFY,NSE,2022-11-25,1631.4,1644.0,1613.8,1635.65,4563255
INFY,NSE,2022-11-28,1628.0,1653.5,1620.0,1623.4,3825766
INFY,NSE,2022-11-29,1621.2,1638.75,1615.05,1629.05,3131710
INFY,NSE,2022-11-30,1619.95,1645.75,1613.15,1634.95,11868134
INFY,NSE,2022-12-01,1656.2,1672.6,1652.3,1657.1,5407928
INFY,NSE,2022-12-02,1656.0,1661.8,1633.95,1637.9,4283343
INFY,NSE,2022-12-05,1638.0,1644.85,1623.3,1639.75,3824966
INFY,NSE,2022-12-06,1625.0,1626.0,1607.55,1612.9,4822398
INFY,NSE,2022-12-07,1608.0,1623.8,1596.7,1605.5,4898087
INFY,NSE,2022-12-08,1605.5,1623.9,1598.5,1620.15,4206837
INFY,NSE,2022-12-09,1628.0,1628.0,1561.1,1569.3,8880658
INFY,NSE,2022-12-12,1550.0,1565.95,1530.05,1547.2,8037679
INFY,NSE,2022-12-13,1547.2,1577.5,1541.15,1572.15,6135067
INFY,NSE,2022-12-14,1582.0,1588.5,1573.0,1579.4,4976020
INFY,NSE,2022-12-15,1569.3,1570.0,1535.25,1540.5,6443866
INFY,NSE,2022-12-16,1525.0,1549.5,1512.05,1522.2,9630453
INFY,NSE,2022-12-19,1507.95,1516.9,1495.05,1507.35,6222740
INFY,NSE,2022-12-20,1501.0,1516.0,1482.45,1507.3,7396259
INFY,NSE,2022-12-21,1515.0,1521.0,1502.35,1509.55,6236361
INFY,NSE,2022-12-22,1521.5,1529.95,1511.75,1522.05,6302640
INFY,NSE,2022-12-23,1508.7,1509.9,1493.0,1497.1,6283822
INFY,NSE,2022-12-26,1500.5,1509.9,1496.35,1502.4,4115459
INFY,NSE,2022-12-27,1509.95,1521.45,1497.5,1514.85,4860076
INFY,NSE,2022-12-28,1505.1,1524.95,1498.5,1510.15,5029860
INFY,NSE,2022-12-29,1504.0,1521.3,1501.0,1517.55,4624745
INFY,NSE,2022-12-30,1528.0,1530.4,1504.05,1508.2,5060544
INFY,NSE,2023-01-02,1514.0,1526.5,1504.05,1524.0,3801140
INFY,NSE,2023-01-03,1519.85,1532.65,1515.1,1522.55,4551130
INFY,NSE,2023-01-04,1521.0,1521.0,1491.1,1494.8,7059590
INFY,NSE,2023-01-05,1505.9,1505.9,1469.25,1475.2,9868404
INFY,NSE,2023-01-06,1470.0,1475.0,1446.5,1448.5,6443714
INFY,NSE,2023-01-09,1448.2,1489.35,1448.2,1484.45,11498717
INFY,NSE,2023-01-10,1482.0,1483.9,1454.05,1469.75,7158624
INFY,NSE,2023-01-11,1470.0,1494.0,1464.0,1471.25,6173092
INFY,NSE,2023-01-12,1481.95,1485.0,1455.0,1480.6,6591385
INFY,NSE,2023-01-13,1483.5,1519.4,1468.0,1503.65,11610426
INFY,NSE,2023-01-16,1510.0,1528.0,1502.3,1525.5,6073063
INFY,NSE,2023-01-17,1527.0,1542.2,1524.0,1539.5,5922644
INFY,NSE,2023-01-18,1544.75,1551.85,1539.6,1545.4,5843098
INFY,NSE,2023-01-19,1539.9,1549.55,1526.15,1538.9,6165284
INFY,NSE,2023-01-20,1538.0,1545.0,1524.0,1525.55,6496429
INFY,NSE,2023-01-23,1535.0,1553.3,1528.1,1548.0,4855020
INFY,NSE,2023-01-24,1560.0,1568.8,1549.75,1551.9,5200802
INFY,NSE,2023-01-25,1547.0,1556.0,1538.75,1543.0,4158617
INFY,NSE,2023-01-27,1546.0,1550.95,1507.4,1519.15,6209955
INFY,NSE,2023-01-30,1528.8,1544.0,1520.0,1538.8,6964719
INFY,NSE,2023-01-31,1548.9,1548.9,1513.0,1533.75,9448126
INFY,NSE,2023-02-01,1542.2,1555.05,1528.05,1551.1,6194199
INFY,NSE,2023-02-02,1552.0,1586.95,1552.0,1583.75,6916834
INFY,NSE,2023-02-03,1597.5,1604.65,1573.0,1599.4,7040194
INFY,NSE,2023-02-06,1598.0,1598.0,1561.6,1569.85,4570612
INFY,NSE,2023-02-07,1569.0,1576.05,1555.1,1562.4,4336238
INFY,NSE,2023-02-08,1565.5,1603.0,1565.5,1590.5,7983338
INFY,NSE,2023-02-09,1596.2,1619.75,1586.05,1617.0,6904911
INFY,NSE,2023-02-10,1612.95,1616.3,1596.45,1608.55,4786762
INFY,NSE,2023-02-13,1597.0,1597.0,1566.0,1567.45,4001199
INFY,NSE,2023-02-14,1584.7,1596.0,1578.15,1593.25,5043736
INFY,NSE,2023-02-15,1584.0,1599.0,1576.0,1597.05,3465747
INFY,NSE,2023-02-16,1600.0,1614.45,1597.85,1601.8,4290289
INFY,NSE,2023-02-17,1594.0,1595.0,1575.5,1583.8,2857734
INFY,NSE,2023-02-20,1584.95,1603.0,1582.5,1592.45,2417716
INFY,NSE,2023-02-21,1598.7,1601.65,1576.0,1579.5,2723288
INFY,NSE,2023-02-22,1563.0,1575.0,1555.3,1561.8,3656244
INFY,NSE,2023-02-23,1569.85,1569.85,1548.15,1550.7,4766854
INFY,NSE,2023-02-24,1560.0,1569.0,1545.0,1550.65,2790986
INFY,NSE,2023-02-27,1540.0,1540.0,1502.0,1509.3,4920268
INFY,NSE,2023-02-28,1515.6,1524.0,1481.3,1487.55,9679811
INFY,NSE,2023-03-01,1492.4,1500.85,1481.5,1496.05,5125043
INFY,NSE,2023-03-02,1485.0,1488.6,1467.3,1472.15,4644499
INFY,NSE,2023-03-03,1486.75,1489.8,1473.0,1479.3,4615015
INFY,NSE,2023-03-06,1494.55,1520.4,1493.15,1507.45,6561742
INFY,NSE,2023-03-08,1490.55,1496.0,1481.1,1492.7,4137080
INFY,NSE,2023-03-09,1495.0,1498.35,1474.6,1480.4,5104656
INFY,NSE,2023-03-10,1460.0,1474.3,1457.65,1471.55,3699580
INFY,NSE,2023-03-13,1464.2,1478.3,1428.0,1435.1,8798403
INFY,NSE,2023-03-14,1441.0,1448.35,1411.0,1420.0,7402784
INFY,NSE,2023-03-15,1438.0,1442.85,1416.85,1419.65,7556182
INFY,NSE,2023-03-16,1417.8,1417.8,1398.7,1404.1,7323117
INFY,NSE,2023-03-17,1430.0,1442.9,1411.4,1420.7,9090018
INFY,NSE,2023-03-20,1419.7,1419.7,1384.85,1403.65,8221829
INFY,NSE,2023-03-21,1399.0,1405.0,1390.0,1390.7,8536755
INFY,NSE,2023-03-22,1403.0,1407.25,1382.15,1389.25,8356487
INFY,NSE,2023-03-23,1383.95,1383.95,1370.0,1374.55,7607718
INFY,NSE,2023-03-24,1388.0,1398.95,1377.5,1380.65,7559127
INFY,NSE,2023-03-27,1386.25,1395.75,1374.1,1388.95,4170193
INFY,NSE,2023-03-28,1392.1,1398.0,1375.85,1377.6,6633366
INFY,NSE,2023-03-29,1379.0,1389.9,1364.55,1383.55,8813966
INFY,NSE,2023-03-31,1404.0,1429.95,1393.9,1427.95,8711975
INFY,NSE,2023-04-03,1435.0,1435.0,1405.15,1410.85,5242764
INFY,NSE,2023-04-05,1400.0,1427.5,1400.0,1423.55,7506334
INFY,NSE,2023-04-06,1416.0,1428.4,1410.35,1421.9,6948465
INFY,NSE,2023-04-10,1423.95,1434.0,1415.0,1427.6,4993788
INFY,NSE,2023-04-11,1428.9,1433.35,1389.0,1406.15,6942255
INFY,NSE,2023-04-12,1413.05,1431.5,1400.0,1428.3,5831169
INFY,NSE,2023-04-13,1409.75,1411.05,1383.0,1389.2,11267238
INFY,NSE,2023-04-17,1250.3,1261.15,1185.3,1258.3,53171705
INFY,NSE,2023-04-18,1269.95,1269.95,1253.1,1259.35,12430884
INFY,NSE,2023-04-19,1254.35,1254.35,1229.4,1232.2,11307230
INFY,NSE,2023-04-20,1230.7,1237.85,1221.4,1223.4,8621249
INFY,NSE,2023-04-21,1228.1,1233.25,1220.0,1227.35,8691352
INFY,NSE,2023-04-24,1228.0,1230.0,1218.0,1226.3,8313774
INFY,NSE,2023-04-25,1225.95,1235.5,1215.0,1224.9,6808576
INFY,NSE,2023-04-26,1228.0,1233.0,1220.55,1227.55,5680192
INFY,NSE,2023-04-27,1230.0,1247.8,1225.4,1246.25,8020704
INFY,NSE,2023-04-28,1255.7,1259.0,1244.95,1252.75,10118277
INFY,NSE,2023-05-02,1254.55,1279.75,1254.55,1277.45,8886401
INFY,NSE,2023-05-03,1266.0,1272.5,1262.1,1269.15,5549783
INFY,NSE,2023-05-04,1268.95,1275.8,1262.5,1273.55,4505401
INFY,NSE,2023-05-05,1279.0,1279.0,1254.25,1259.1,5373791
INFY,NSE,2023-05-08,1262.45,1270.3,1255.2,1265.6,5260842
INFY,NSE,2023-05-09,1266.0,1272.0,1260.7,1270.7,4969897
INFY,NSE,2023-05-10,1276.4,1276.4,1259.15,1263.25,6515734
INFY,NSE,2023-05-11,1270.25,1275.9,1253.05,1256.1,6888461
INFY,NSE,2023-05-12,1253.35,1256.0,1239.05,1245.2,8292212
INFY,NSE,2023-05-15,1249.9,1268.9,1245.65,1258.35,5534710
INFY,NSE,2023-05-16,1265.0,1273.95,1262.75,1264.3,5236469
INFY,NSE,2023-05-17,1260.6,1260.95,1242.45,1246.9,10465667
INFY,NSE,2023-05-18,1258.6,1259.65,1242.45,1246.0,6948732
INFY,NSE,2023-05-19,1256.05,1273.3,1252.8,1268.9,11094136
INFY,NSE,2023-05-22,1272.95,1295.6,1270.25,1292.8,7625947
INFY,NSE,2023-05-23,1299.2,1314.15,1297.05,1300.05,7436031
INFY,NSE,2023-05-24,1296.3,1305.0,1291.3,1298.65,4824077
INFY,NSE,2023-05-25,1294.5,1307.0,1289.25,1304.35,4334121
INFY,NSE,2023-05-26,1306.0,1323.45,1306.0,1317.45,5521606
INFY,NSE,2023-05-29,1332.7,1332.7,1309.85,1314.4,4419365
INFY,NSE,2023-05-30,1315.0,1326.4,1309.15,1323.85,6274719
INFY,NSE,2023-05-31,1319.85,1331.1,1314.15,1318.3,17800782
INFY,NSE,2023-06-01,1322.55,1329.5,1318.1,1319.5,4277841
INFY,NSE,2023-06-02,1309.0,1312.9,1296.05,1299.0,10909311
INFY,NSE,2023-06-05,1304.0,1309.45,1297.3,1304.5,5002553
INFY,NSE,2023-06-06,1288.6,1288.6,1273.0,1279.0,10008100
INFY,NSE,2023-06-07,1290.5,1294.0,1282.5,1288.95,5397578
INFY,NSE,2023-06-08,1286.2,1292.0,1281.1,1282.8,5034942
INFY,NSE,2023-06-09,1282.5,1282.5,1264.0,1265.95,5339073
INFY,NSE,2023-06-12,1273.5,1295.7,1273.0,1291.95,4785588
INFY,NSE,2023-06-13,1299.9,1306.5,1297.05,1304.85,4846587
INFY,NSE,2023-06-14,1306.35,1306.7,1293.2,1300.4,3457981
INFY,NSE,2023-06-15,1293.95,1293.95,1282.65,1286.8,6161155
INFY,NSE,2023-06-16,1287.0,1301.5,1281.05,1291.65,8536287
INFY,NSE,2023-06-19,1294.0,1299.5,1287.05,1294.0,4451787
INFY,NSE,2023-06-20,1294.0,1305.0,1291.1,1303.4,4009180
INFY,NSE,2023-06-21,1299.95,1303.8,1295.0,1299.35,4041529
INFY,NSE,2023-06-22,1289.4,1289.4,1273.5,1281.55,6676607
INFY,NSE,2023-06-23,1276.45,1279.35,1263.35,1265.0,7239467
INFY,NSE,2023-06-26,1270.25,1274.0,1262.25,1270.35,3403244
INFY,NSE,2023-06-27,1280.0,1282.0,1274.2,1279.15,3240024
INFY,NSE,2023-06-28,1290.0,1296.7,1281.4,1293.35,5662358
INFY,NSE,2023-06-30,1308.2,1338.9,1304.45,1335.5,12821692
INFY,NSE,2023-07-03,1330.0,1346.0,1328.45,1333.7,7732412
INFY,NSE,2023-07-04,1344.3,1346.0,1331.4,1345.15,5797775
INFY,NSE,2023-07-05,1357.85,1357.95,1341.0,1347.3,5414936
INFY,NSE,2023-07-06,1342.55,1347.45,1337.15,1343.9,5963897
INFY,NSE,2023-07-07,1334.0,1345.8,1325.35,1330.2,6295647
INFY,NSE,2023-07-10,1336.55,1341.9,1319.3,1329.15,3940315
INFY,NSE,2023-07-11,1333.45,1350.9,1327.0,1348.6,6126128
INFY,NSE,2023-07-12,1351.0,1351.9,1327.0,1333.3,8102770
INFY,NSE,2023-07-13,1334.9,1376.8,1330.85,1365.1,9977644
INFY,NSE,2023-07-14,1380.65,1430.0,1380.65,1425.95,12833381
INFY,NSE,2023-07-17,1425.95,1458.95,1414.3,1422.95,11569884
INFY,NSE,2023-07-18,1434.0,1477.95,1429.0,1475.2,16743977
INFY,NSE,2023-07-19,1486.0,1498.8,1460.7,1474.95,13687062
INFY,NSE,2023-07-20,1471.0,1471.0,1440.7,1449.5,8347221
INFY,NSE,2023-07-21,1320.2,1350.0,1305.0,1331.6,45548305
INFY,NSE,2023-07-24,1341.0,1349.9,1334.25,1336.6,8859789
INFY,NSE,2023-07-25,1337.0,1342.85,1324.25,1334.6,6801982
INFY,NSE,2023-07-26,1343.0,1350.0,1339.4,1348.85,5528885
INFY,NSE,2023-07-27,1358.6,1363.8,1347.05,1353.15,9191861
INFY,NSE,2023-07-28,1353.85,1363.85,1336.0,1340.5,6122735
INFY,NSE,2023-07-31,1348.75,1357.5,1333.25,1355.7,7902180
INFY,NSE,2023-08-01,1362.0,1369.0,1357.0,1365.2,6064652
INFY,NSE,2023-08-02,1369.3,1371.95,1348.45,1356.85,7419145
INFY,NSE,2023-08-03,1350.0,1366.55,1349.0,1364.3,6503741
INFY,NSE,2023-08-04,1368.9,1385.9,1362.0,1378.35,5712345
INFY,NSE,2023-08-07,1387.9,1395.0,1377.0,1393.0,3729093
INFY,NSE,2023-08-08,1392.85,1393.55,1384.4,1390.2,4161877
INFY,NSE,2023-08-09,1384.0,1396.0,1382.5,1394.4,4090828
INFY,NSE,2023-08-10,1391.6,1395.8,1385.6,1389.1,3873025
INFY,NSE,2023-08-11,1392.0,1396.85,1367.05,1371.85,5783517
INFY,NSE,2023-08-14,1371.85,1395.0,1365.6,1393.55,4304135
INFY,NSE,2023-08-16,1410.8,1419.95,1405.4,1418.5,7735313
INFY,NSE,2023-08-17,1420.0,1420.0,1406.0,1411.55,5618346
INFY,NSE,2023-08-18,1403.7,1408.7,1386.15,1388.8,5134103
INFY,NSE,2023-08-21,1389.75,1407.0,1387.15,1405.4,3032722
INFY,NSE,2023-08-22,1404.7,1406.05,1396.65,1403.75,2890714
INFY,NSE,2023-08-23,1416.0,1416.6,1405.65,1407.95,2559125
INFY,NSE,2023-08-24,1421.5,1425.05,1414.45,1423.6,5171963
INFY,NSE,2023-08-25,1413.0,1422.5,1411.4,1420.1,4307172
INFY,NSE,2023-08-28,1420.1,1424.8,1411.4,1415.65,3133464
INFY,NSE,2023-08-29,1424.0,1424.4,1415.3,1417.65,3074444
INFY,NSE,2023-08-30,1427.0,1436.65,1424.0,1435.15,3070887
INFY,NSE,2023-08-31,1435.15,1444.9,1428.65,1435.45,9792735
INFY,NSE,2023-09-01,1430.95,1446.0,1428.2,1443.85,3582133
INFY,NSE,2023-09-04,1443.0,1470.0,1434.7,1465.1,4609014
INFY,NSE,2023-09-05,1465.0,1480.05,1456.5,1478.9,5496840
INFY,NSE,2023-09-06,1481.9,1482.9,1463.3,1477.45,5075786
INFY,NSE,2023-09-07,1470.6,1473.4,1462.05,1466.2,4411743
INFY,NSE,2023-09-08,1463.5,1474.75,1460.2,1469.6,3125838
INFY,NSE,2023-09-11,1469.6,1478.05,1464.5,1476.45,4182226
INFY,NSE,2023-09-12,1482.5,1504.0,1477.1,1501.1,6793161
INFY,NSE,2023-09-13,1505.0,1505.0,1488.65,1498.35,4804686
INFY,NSE,2023-09-14,1505.0,1512.55,1499.15,1506.95,6444213
INFY,NSE,2023-09-15,1518.0,1518.4,1509.0,1511.6,8657816
INFY,NSE,2023-09-18,1504.9,1504.9,1488.0,1491.8,3991916
INFY,NSE,2023-09-20,1476.2,1495.1,1476.2,1490.25,4169337
INFY,NSE,2023-09-21,1486.55,1504.55,1476.0,1501.75,6779195
INFY,NSE,2023-09-22,1491.9,1506.95,1485.2,1496.15,5455613
INFY,NSE,2023-09-25,1489.85,1489.85,1471.55,1474.15,4217863
INFY,NSE,2023-09-26,1479.15,1479.9,1459.0,1460.65,3996528
INFY,NSE,2023-09-27,1456.0,1469.6,1450.05,1467.0,3863586
INFY,NSE,2023-09-28,1467.9,1472.6,1435.0,1439.45,5814602
INFY,NSE,2023-09-29,1432.1,1446.8,1416.0,1435.45,6068968
INFY,NSE,2023-10-03,1436.05,1437.0,1420.3,1434.0,4181867
INFY,NSE,2023-10-04,1425.0,1449.95,1418.2,1444.35,4510406
INFY,NSE,2023-10-05,1452.0,1475.65,1450.2,1463.45,7384621
INFY,NSE,2023-10-06,1469.5,1484.5,1463.3,1478.7,3598672
INFY,NSE,2023-10-09,1464.9,1491.0,1462.2,1475.45,3567552
INFY,NSE,2023-10-10,1483.9,1497.0,1469.1,1495.15,5688951
INFY,NSE,2023-10-11,1497.0,1518.25,1481.45,1494.4,7220129
INFY,NSE,2023-10-12,1491.9,1504.4,1452.0,1465.5,11081662
INFY,NSE,2023-10-13,1405.0,1438.0,1400.0,1431.15,17973439
INFY,NSE,2023-10-16,1432.1,1443.6,1430.0,1434.15,4850745
INFY,NSE,2023-10-17,1440.25,1453.35,1438.05,1442.45,3923764
INFY,NSE,2023-10-18,1442.0,1454.0,1438.35,1440.55,4264837
INFY,NSE,2023-10-19,1426.1,1439.65,1426.1,1433.65,6795691
INFY,NSE,2023-10-20,1430.0,1438.5,1425.25,1427.25,3928622
INFY,NSE,2023-10-23,1425.6,1432.35,1405.25,1408.65,2636516
INFY,NSE,2023-10-25,1399.0,1402.55,1361.3,1370.05,6940777
INFY,NSE,2023-10-26,1355.05,1374.0,1353.1,1359.45,6357656
INFY,NSE,2023-10-27,1363.65,1385.0,1363.65,1380.35,4634358
INFY,NSE,2023-10-30,1380.35,1380.35,1363.1,1377.05,2667696
INFY,NSE,2023-10-31,1379.95,1381.15,1363.0,1368.4,3451595
INFY,NSE,2023-11-01,1373.05,1377.45,1351.65,1354.15,3090672
INFY,NSE,2023-11-02,1370.0,1376.3,1361.65,1370.15,3758060
INFY,NSE,2023-11-03,1380.05,1392.0,1377.75,1389.05,3349045
INFY,NSE,2023-11-06,1393.9,1407.25,1390.8,1403.3,2736381
INFY,NSE,2023-11-07,1400.0,1405.9,1394.85,1404.3,2272209
INFY,NSE,2023-11-08,1405.0,1405.0,1386.45,1391.0,3550635
INFY,NSE,2023-11-09,1395.9,1397.5,1370.05,1374.8,5498051
INFY,NSE,2023-11-10,1369.95,1373.15,1361.0,1368.85,2943649
INFY,NSE,2023-11-13,1379.85,1382.45,1370.85,1373.55,3462092
INFY,NSE,2023-11-15,1399.0,1414.0,1393.0,1410.5,8551860
INFY,NSE,2023-11-16,1416.1,1453.4,1410.6,1444.9,6673907
INFY,NSE,2023-11-17,1441.05,1451.0,1435.05,1437.55,4901251
INFY,NSE,2023-11-20,1442.0,1452.0,1433.65,1436.6,3584210
INFY,NSE,2023-11-21,1442.0,1450.0,1436.75,1439.0,3793135
INFY,NSE,2023-11-22,1436.2,1458.95,1436.2,1457.8,3108786
INFY,NSE,2023-11-23,1467.9,1467.9,1447.7,1449.25,3186928
INFY,NSE,2023-11-24,1445.55,1452.65,1433.85,1437.4,2973195
INFY,NSE,2023-11-28,1444.0,1445.0,1427.05,1442.7,3755373
INFY,NSE,2023-11-29,1451.1,1460.7,1449.8,1459.6,3875778
INFY,NSE,2023-11-30,1453.25,1460.65,1449.55,1455.15,10120867
INFY,NSE,2023-12-01,1459.9,1459.9,1446.15,1452.3,3489187
INFY,NSE,2023-12-04,1460.45,1471.9,1449.3,1464.35,5511948
INFY,NSE,2023-12-05,1465.8,1466.9,1442.0,1453.95,5123039
INFY,NSE,2023-12-06,1456.75,1477.0,1451.05,1474.3,5269178
INFY,NSE,2023-12-07,1472.85,1472.85,1461.8,1465.9,4424453
INFY,NSE,2023-12-08,1470.4,1494.7,1466.25,1491.15,6323433
INFY,NSE,2023-12-11,1490.0,1498.0,1482.0,1488.5,3862018
INFY,NSE,2023-12-12,1477.5,1490.0,1467.65,1476.05,6103494
INFY,NSE,2023-12-13,1476.0,1476.05,1433.15,1449.0,8549258
INFY,NSE,2023-12-14,1463.4,1511.0,1461.35,1501.45,12489858
INFY,NSE,2023-12-15,1523.05,1588.55,1521.0,1578.4,18395389
INFY,NSE,2023-12-18,1567.95,1593.0,1560.3,1564.35,6467243
INFY,NSE,2023-12-19,1570.1,1573.95,1543.25,1558.3,4221721
INFY,NSE,2023-12-20,1565.05,1583.5,1530.0,1536.4,6592367
INFY,NSE,2023-12-21,1521.25,1546.65,1521.25,1536.0,5319038
INFY,NSE,2023-12-22,1534.95,1566.0,1523.0,1562.9,6741060
INFY,NSE,2023-12-26,1535.0,1548.0,1523.0,1543.95,6878067
INFY,NSE,2023-12-27,1544.0,1570.0,1544.0,1567.1,4225849
INFY,NSE,2023-12-28,1568.95,1568.95,1555.0,1562.65,5702253
INFY,NSE,2023-12-29,1541.05,1559.45,1540.0,1542.9,4388990
INFY,NSE,2024-01-01,1539.0,1557.0,1535.25,1551.35,2808451
INFY,NSE,2024-01-02,1546.0,1549.15,1523.0,1534.4,5396313
INFY,NSE,2024-01-03,1519.95,1519.95,1488.0,1490.0,7550363
INFY,NSE,2024-01-04,1504.95,1519.75,1492.9,1512.7,7056038
INFY,NSE,2024-01-05,1506.75,1539.7,1506.25,1532.55,8895403
INFY,NSE,2024-01-08,1528.95,1536.0,1513.25,1522.8,4440136
INFY,NSE,2024-01-09,1541.9,1553.0,1525.85,1529.3,4412074
INFY,NSE,2024-01-10,1524.95,1535.45,1505.0,1519.9,4096845
INFY,NSE,2024-01-11,1524.9,1525.0,1486.6,1494.2,11296088
INFY,NSE,2024-01-12,1562.0,1618.0,1555.4,1612.75,26754401
INFY,NSE,2024-01-15,1644.95,1664.95,1636.0,1652.1,13228305
INFY,NSE,2024-01-16,1644.8,1648.5,1625.0,1631.55,6500917
INFY,NSE,2024-01-17,1620.25,1647.5,1620.25,1640.2,9209876
INFY,NSE,2024-01-18,1642.65,1649.0,1628.25,1642.6,6375464
INFY,NSE,2024-01-19,1651.6,1665.5,1644.15,1659.2,4522736
INFY,NSE,2024-01-23,1650.1,1674.7,1637.7,1642.15,9401255
INFY,NSE,2024-01-24,1659.9,1680.0,1645.0,1675.4,8999681
INFY,NSE,2024-01-25,1672.95,1680.55,1658.0,1669.1,8865304
INFY,NSE,2024-01-29,1665.15,1679.35,1647.6,1656.6,4253785
INFY,NSE,2024-01-30,1662.45,1690.0,1648.25,1651.45,4995943
INFY,NSE,2024-01-31,1648.25,1667.25,1638.1,1660.9,6763779
INFY,NSE,2024-02-01,1659.55,1677.0,1650.35,1657.05,5760011
INFY,NSE,2024-02-02,1666.05,1718.5,1665.0,1693.35,7858483
INFY,NSE,2024-02-05,1694.75,1700.75,1681.85,1687.2,3634135
INFY,NSE,2024-02-06,1686.75,1733.0,1673.95,1729.45,7694265
INFY,NSE,2024-02-07,1729.0,1729.0,1686.85,1693.75,4613877
INFY,NSE,2024-02-08,1698.0,1706.35,1682.8,1692.1,5919715
INFY,NSE,2024-02-09,1684.7,1692.9,1659.8,1669.35,4600004
INFY,NSE,2024-02-12,1670.35,1692.95,1670.35,1680.1,3555808
INFY,NSE,2024-02-13,1683.0,1689.1,1663.5,1684.55,2696481
INFY,NSE,2024-02-14,1660.2,1669.45,1635.5,1666.2,3768579
INFY,NSE,2024-02-15,1677.0,1687.75,1661.6,1676.35,4834391
INFY,NSE,2024-02-16,1689.0,1709.0,1687.95,1701.65,4880654
INFY,NSE,2024-02-19,1705.0,1711.5,1687.7,1699.75,3690993
INFY,NSE,2024-02-20,1685.0,1694.25,1668.75,1685.25,3706389
INFY,NSE,2024-02-21,1674.0,1674.0,1645.3,1655.55,4300508
INFY,NSE,2024-02-22,1665.0,1684.6,1644.4,1681.35,5841277
INFY,NSE,2024-02-23,1697.0,1698.45,1671.9,1676.85,5373072
INFY,NSE,2024-02-26,1674.95,1674.95,1645.0,1660.15,2782438
INFY,NSE,2024-02-27,1661.0,1671.1,1652.8,1663.6,5159088
INFY,NSE,2024-02-28,1670.0,1687.8,1662.05,1671.25,3188916
INFY,NSE,2024-02-29,1665.0,1682.25,1653.3,1673.9,7814722
INFY,NSE,2024-03-01,1669.0,1671.95,1651.0,1654.7,6387291
INFY,NSE,2024-03-04,1657.85,1664.45,1633.65,1637.2,4445156
INFY,NSE,2024-03-05,1634.0,1637.35,1602.0,1606.5,4596579
INFY,NSE,2024-03-06,1602.8,1620.15,1576.0,1617.55,6420684
INFY,NSE,2024-03-07,1616.6,1628.45,1604.2,1616.45,6348359
INFY,NSE,2024-03-11,1608.15,1613.8,1588.0,1600.6,6752895
INFY,NSE,2024-03-12,1600.0,1625.0,1597.65,1612.95,4614222
INFY,NSE,2024-03-13,1612.9,1624.5,1598.55,1611.4,5688997
INFY,NSE,2024-03-14,1614.4,1657.75,1608.0,1653.3,8803799
INFY,NSE,2024-03-15,1641.1,1645.8,1618.35,1634.0,11809997
INFY,NSE,2024-03-18,1630.0,1632.65,1598.85,1602.65,4958904
INFY,NSE,2024-03-19,1592.35,1599.0,1558.0,1561.45,6870411
INFY,NSE,2024-03-20,1563.0,1574.95,1552.35,1554.95,4759059
INFY,NSE,2024-03-21,1564.0,1576.95,1543.4,1554.7,11062497
INFY,NSE,2024-03-22,1521.0,1528.9,1498.2,1508.85,14673890
INFY,NSE,2024-03-26,1492.0,1507.45,1487.9,1492.65,8351081
INFY,NSE,2024-03-27,1496.0,1499.0,1481.55,1483.85,6857402
INFY,NSE,2024-03-28,1487.15,1511.8,1487.15,1498.05,12499530
INFY,NSE,2024-04-01,1525.0,1529.95,1492.8,1495.45,6580002
INFY,NSE,2024-04-02,1484.85,1493.15,1480.85,1482.85,7279400
INFY,NSE,2024-04-03,1479.0,1495.1,1475.0,1480.65,8736248
INFY,NSE,2024-04-04,1490.55,1495.65,1468.0,1486.7,11186915
INFY,NSE,2024-04-05,1480.05,1486.7,1476.05,1479.1,5072482
INFY,NSE,2024-04-08,1483.0,1490.95,1474.1,1476.7,6610887
INFY,NSE,2024-04-09,1490.0,1513.8,1487.3,1494.85,9423230
INFY,NSE,2024-04-10,1500.35,1509.85,1484.55,1506.8,6744595
INFY,NSE,2024-04-12,1504.0,1506.8,1479.5,1484.75,12275616
INFY,NSE,2024-04-15,1480.0,1491.95,1461.05,1468.15,8531224
INFY,NSE,2024-04-16,1451.0,1455.15,1413.05,1414.45,16173541
INFY,NSE,2024-04-18,1421.1,1444.7,1407.5,1419.25,22107945
INFY,NSE,2024-04-19,1385.0,1426.85,1378.75,1411.25,20603621
INFY,NSE,2024-04-22,1419.9,1436.85,1413.05,1432.75,5859087
INFY,NSE,2024-04-23,1443.0,1446.85,1433.0,1442.4,4856174
INFY,NSE,2024-04-24,1444.3,1444.3,1427.05,1430.75,4268213
INFY,NSE,2024-04-25,1420.0,1444.9,1420.0,1438.45,9089398
INFY,NSE,2024-04-26,1439.7,1445.4,1427.0,1430.25,8062444
INFY,NSE,2024-04-29,1429.95,1439.8,1428.25,1434.75,5055957
INFY,NSE,2024-04-30,1434.7,1436.55,1417.55,1420.55,6936588
INFY,NSE,2024-05-02,1413.0,1424.0,1411.85,1414.45,10076354
INFY,NSE,2024-05-03,1422.1,1424.8,1403.2,1416.3,8842345
INFY,NSE,2024-05-06,1420.0,1445.7,1417.1,1425.9,6445422
INFY,NSE,2024-05-07,1424.95,1443.35,1415.6,1440.95,6080661
INFY,NSE,2024-05-08,1435.25,1439.75,1425.6,1427.3,6234983
INFY,NSE,2024-05-09,1427.55,1449.95,1424.85,1439.55,6088406
INFY,NSE,2024-05-10,1435.05,1435.95,1413.0,1424.9,8777481
INFY,NSE,2024-05-13,1425.0,1425.0,1411.2,1423.45,3735954
INFY,NSE,2024-05-14,1426.4,1433.75,1418.05,1424.7,3463230
INFY,NSE,2024-05-15,1426.0,1431.8,1418.55,1419.95,4327544
INFY,NSE,2024-05-16,1433.95,1455.75,1427.0,1453.35,9249145
INFY,NSE,2024-05-17,1457.0,1457.0,1439.25,1444.3,7542860
INFY,NSE,2024-05-21,1430.0,1444.7,1428.4,1434.15,6752663
INFY,NSE,2024-05-22,1428.75,1459.95,1428.0,1454.8,7173285
INFY,NSE,2024-05-23,1454.7,1478.15,1450.0,1472.4,8641428
INFY,NSE,2024-05-24,1468.25,1475.5,1460.0,1465.1,5277938
INFY,NSE,2024-05-27,1471.85,1479.6,1460.25,1471.35,5821844
INFY,NSE,2024-05-28,1475.5,1476.0,1460.3,1467.05,6186922
INFY,NSE,2024-05-29,1465.4,1465.5,1450.0,1450.95,7401634
INFY,NSE,2024-05-30,1442.8,1449.85,1421.55,1427.45,9663150
INFY,NSE,2024-05-31,1409.8,1436.75,1400.0,1406.9,37113815
INFY,NSE,2024-06-03,1440.0,1440.0,1404.0,1405.9,10589244
INFY,NSE,2024-06-04,1409.0,1415.0,1358.35,1393.65,13736134
INFY,NSE,2024-06-05,1400.15,1438.0,1400.15,1430.1,9233424
INFY,NSE,2024-06-06,1444.95,1474.3,1437.5,1472.25,12660930
INFY,NSE,2024-06-07,1481.0,1539.7,1477.25,1533.6,24075302
INFY,NSE,2024-06-10,1525.3,1529.8,1497.3,1499.75,6810606
INFY,NSE,2024-06-11,1500.05,1506.45,1493.95,1495.75,4853054
INFY,NSE,2024-06-12,1507.0,1508.75,1482.75,1485.2,9564320
INFY,NSE,2024-06-13,1495.0,1505.0,1489.35,1493.95,7307565
INFY,NSE,2024-06-14,1503.7,1503.7,1486.05,1488.9,4237727
INFY,NSE,2024-06-18,1497.0,1507.0,1495.4,1498.2,5420939
INFY,NSE,2024-06-19,1505.0,1515.65,1496.7,1511.35,5493456
INFY,NSE,2024-06-20,1516.3,1517.5,1499.1,1515.4,7927010
INFY,NSE,2024-06-21,1545.0,1557.75,1523.7,1532.7,17301941
INFY,NSE,2024-06-24,1524.55,1529.1,1515.4,1527.15,5564989
INFY,NSE,2024-06-25,1526.0,1543.9,1520.35,1541.95,4551525
INFY,NSE,2024-06-26,1541.0,1548.85,1535.0,1540.7,4851004
INFY,NSE,2024-06-27,1538.45,1578.4,1532.05,1573.35,14757754
INFY,NSE,2024-06-28,1572.55,1588.5,1564.25,1566.75,8197544
INFY,NSE,2024-07-01,1559.5,1599.9,1559.5,1590.8,6801771
INFY,NSE,2024-07-02,1596.2,1633.8,1586.5,1621.05,10493173
INFY,NSE,2024-07-03,1625.0,1636.0,1606.0,1627.4,7269965
INFY,NSE,2024-07-04,1628.2,1660.0,1628.0,1650.65,8008311
INFY,NSE,2024-07-05,1651.45,1665.85,1633.35,1647.45,7065022
INFY,NSE,2024-07-08,1643.1,1666.0,1640.0,1661.65,5880533
INFY,NSE,2024-07-09,1659.9,1666.75,1651.0,1657.15,5191182
INFY,NSE,2024-07-10,1657.0,1674.0,1637.55,1648.25,9852770
INFY,NSE,2024-07-11,1656.0,1665.0,1642.05,1652.7,8857679
INFY,NSE,2024-07-12,1680.0,1719.75,1666.65,1711.75,17078316
INFY,NSE,2024-07-15,1726.2,1728.0,1702.65,1707.05,6942230
INFY,NSE,2024-07-16,1718.6,1737.9,1700.0,1726.05,6886281
INFY,NSE,2024-07-18,1719.0,1765.4,1719.0,1758.05,11248896
INFY,NSE,2024-07-19,1844.0,1844.0,1786.45,1792.95,29819116
INFY,NSE,2024-07-22,1800.15,1823.0,1792.95,1810.85,8462126
INFY,NSE,2024-07-23,1810.0,1839.95,1783.25,1836.9,7113056
INFY,NSE,2024-07-24,1837.5,1842.35,1819.6,1833.95,6002845
INFY,NSE,2024-07-25,1820.0,1830.9,1812.0,1824.85,5815599
INFY,NSE,2024-07-26,1825.35,1883.0,1825.35,1878.9,11369047
INFY,NSE,2024-07-29,1893.6,1903.0,1864.0,1871.1,4635931
INFY,NSE,2024-07-30,1871.1,1879.95,1860.0,1877.15,2721265
INFY,NSE,2024-07-31,1877.0,1885.15,1865.05,1868.25,5004209
INFY,NSE,2024-08-01,1856.1,1867.9,1845.1,1852.6,7475014
INFY,NSE,2024-08-02,1843.0,1859.5,1816.15,1821.2,7400938
INFY,NSE,2024-08-05,1784.95,1797.5,1718.55,1751.9,10736703
INFY,NSE,2024-08-06,1760.2,1796.95,1744.85,1751.1,7690163
INFY,NSE,2024-08-07,1796.0,1797.9,1762.1,1791.65,5094329
INFY,NSE,2024-08-08,1779.95,1779.95,1727.1,1743.15,6227910
INFY,NSE,2024-08-09,1771.25,1780.75,1756.0,1770.75,4258524
INFY,NSE,2024-08-12,1773.05,1803.5,1768.1,1797.4,4315329
INFY,NSE,2024-08-13,1810.0,1810.0,1789.05,1797.45,4176918
INFY,NSE,2024-08-14,1802.0,1825.0,1797.45,1823.25,7450718
INFY,NSE,2024-08-16,1850.0,1861.85,1829.5,1858.95,7335657
INFY,NSE,2024-08-19,1860.0,1867.55,1849.2,1864.8,2585989
INFY,NSE,2024-08-20,1880.0,1885.7,1868.2,1872.2,3870333
INFY,NSE,2024-08-21,1875.1,1879.0,1867.1,1872.7,1966902
INFY,NSE,2024-08-22,1884.0,1893.65,1869.7,1880.25,4300287
INFY,NSE,2024-08-23,1878.2,1882.6,1857.0,1862.1,5015935
INFY,NSE,2024-08-26,1870.0,1888.75,1864.0,1876.15,3728589
INFY,NSE,2024-08-27,1876.15,1902.75,1873.9,1900.1,3830679
INFY,NSE,2024-08-28,1906.9,1951.0,1897.4,1939.1,6514531
INFY,NSE,2024-08-29,1933.0,1950.5,1920.9,1933.35,7228284
INFY,NSE,2024-08-30,1938.0,1950.0,1928.0,1943.7,13466759
INFY,NSE,2024-09-02,1943.35,1975.75,1942.8,1964.5,5573739
INFY,NSE,2024-09-03,1967.0,1967.0,1936.45,1941.25,4694322
INFY,NSE,2024-09-04,1921.1,1927.2,1900.05,1922.45,4778310
INFY,NSE,2024-09-05,1926.25,1940.0,1909.6,1933.15,4081810
INFY,NSE,2024-09-06,1922.0,1936.5,1896.85,1901.85,5848106
INFY,NSE,2024-09-09,1890.0,1920.85,1889.0,1894.65,4772612
INFY,NSE,2024-09-10,1904.9,1935.0,1896.0,1912.3,6909600
INFY,NSE,2024-09-11,1914.7,1926.0,1905.0,1910.15,5312946
INFY,NSE,2024-09-12,1925.0,1956.4,1910.8,1950.45,8555092
INFY,NSE,2024-09-13,1950.45,1958.6,1935.65,1944.1,3843127
INFY,NSE,2024-09-16,1945.75,1952.0,1933.05,1950.25,1570181
INFY,NSE,2024-09-17,1947.75,1958.45,1942.15,1952.55,2793127
INFY,NSE,2024-09-18,1938.75,1938.75,1881.3,1892.15,6385468
INFY,NSE,2024-09-19,1910.6,1924.9,1878.8,1894.2,7976570
INFY,NSE,2024-09-20,1905.0,1915.0,1867.4,1905.75,15242974
INFY,NSE,2024-09-23,1909.0,1918.9,1878.45,1896.45,3636672
INFY,NSE,2024-09-24,1888.0,1910.9,1871.4,1898.6,7277616
INFY,NSE,2024-09-25,1886.35,1901.6,1876.8,1895.3,4268341
INFY,NSE,2024-09-26,1897.8,1917.95,1893.0,1900.25,8952803
INFY,NSE,2024-09-27,1932.1,1974.6,1903.3,1906.75,14908931
INFY,NSE,2024-09-30,1880.0,1901.25,1870.5,1875.6,6986955
INFY,NSE,2024-10-01,1875.0,1908.95,1875.0,1904.35,4029072
INFY,NSE,2024-10-03,1889.5,1911.85,1881.0,1893.4,7503887
INFY,NSE,2024-10-04,1889.55,1954.1,1886.0,1918.15,10001483
INFY,NSE,2024-10-07,1923.2,1942.0,1916.05,1934.3,6112575
INFY,NSE,2024-10-08,1937.9,1957.95,1906.35,1948.55,5637391
INFY,NSE,2024-10-09,1952.55,1977.0,1945.1,1952.75,4857163
INFY,NSE,2024-10-10,1957.9,1964.0,1914.1,1919.0,4782119
INFY,NSE,2024-10-11,1918.0,1947.0,1910.1,1935.1,4709431
INFY,NSE,2024-10-14,1932.15,1969.5,1931.1,1958.9,3751378
INFY,NSE,2024-10-15,1960.0,1991.45,1951.75,1959.3,5353705
INFY,NSE,2024-10-16,1955.0,1959.55,1916.35,1920.1,3111512
INFY,NSE,2024-10-17,1935.2,1978.0,1930.15,1968.1,8162822
INFY,NSE,2024-10-18,1893.8,1936.85,1869.25,1879.6,10526196
INFY,NSE,2024-10-21,1891.1,1898.8,1838.0,1852.75,4654601
INFY,NSE,2024-10-22,1858.2,1877.8,1846.95,1851.6,4125240
INFY,NSE,2024-10-23,1845.25,1886.0,1844.0,1873.4,4311910
INFY,NSE,2024-10-24,1861.4,1884.0,1860.0,1863.35,2906475
INFY,NSE,2024-10-25,1863.45,1876.35,1846.4,1862.05,4689120
INFY,NSE,2024-10-28,1859.7,1881.9,1857.0,1865.35,7018940
INFY,NSE,2024-10-29,1846.0,1851.6,1829.0,1839.3,4621252
INFY,NSE,2024-10-30,1832.0,1839.0,1796.35,1802.1,5919715
INFY,NSE,2024-10-31,1787.9,1787.9,1746.5,1757.25,7395236
INFY,NSE,2024-11-01,1764.5,1766.0,1752.05,1760.85,371966
INFY,NSE,2024-11-04,1724.5,1767.0,1718.0,1763.65,7336722
INFY,NSE,2024-11-05,1760.0,1768.45,1745.0,1754.2,3160880
INFY,NSE,2024-11-06,1764.0,1827.2,1762.65,1823.7,10421494
INFY,NSE,2024-11-07,1812.95,1825.7,1787.0,1803.05,4550965
INFY,NSE,2024-11-08,1818.0,1840.6,1813.15,1829.95,4210960
INFY,NSE,2024-11-11,1829.0,1868.0,1822.55,1860.1,3804234
INFY,NSE,2024-11-12,1871.1,1881.0,1861.0,1868.8,5012450
INFY,NSE,2024-11-13,1861.1,1873.2,1856.3,1868.4,4257495
INFY,NSE,2024-11-14,1865.6,1876.0,1856.0,1864.55,4311431
INFY,NSE,2024-11-18,1849.2,1849.2,1795.0,1811.45,4839244
INFY,NSE,2024-11-19,1825.5,1859.7,1820.55,1824.75,4669769
INFY,NSE,2024-11-21,1842.0,1867.0,1820.6,1834.05,5436504
INFY,NSE,2024-11-22,1854.1,1914.05,1834.0,1902.25,6301486
INFY,NSE,2024-11-25,1916.0,1919.3,1882.0,1889.7,12764638
INFY,NSE,2024-11-26,1904.95,1938.6,1897.3,1924.15,6850495
INFY,NSE,2024-11-27,1930.1,1941.4,1911.75,1924.5,4447143
INFY,NSE,2024-11-28,1914.9,1914.9,1851.65,1856.65,8468790
INFY,NSE,2024-11-29,1851.1,1877.0,1845.0,1857.85,5244346
INFY,NSE,2024-12-02,1859.0,1882.8,1835.2,1879.8,2868263
INFY,NSE,2024-12-03,1887.0,1899.75,1871.15,1892.1,4715792
INFY,NSE,2024-12-04,1884.0,1913.95,1875.0,1889.25,4705573
INFY,NSE,2024-12-05,1900.0,1949.9,1888.95,1934.85,9050038
INFY,NSE,2024-12-06,1932.8,1937.95,1912.4,1922.4,3573331
INFY,NSE,2024-12-09,1924.2,1930.2,1897.2,1923.65,4274645
INFY,NSE,2024-12-10,1939.0,1965.6,1932.0,1948.55,6174921
INFY,NSE,2024-12-11,1955.0,1978.0,1952.0,1974.15,5025612
INFY,NSE,2024-12-12,1975.2,1998.8,1970.55,1987.0,6462130
INFY,NSE,2024-12-13,1969.75,2006.45,1953.8,1999.7,5362693
INFY,NSE,2024-12-16,1995.45,1999.6,1977.6,1980.05,3119221
INFY,NSE,2024-12-17,1968.0,1982.0,1958.0,1976.6,5811050
INFY,NSE,2024-12-18,1966.8,1984.95,1961.6,1979.15,3064095
INFY,NSE,2024-12-19,1934.0,1959.75,1920.0,1946.2,5323592
INFY,NSE,2024-12-20,1975.15,1979.95,1911.25,1922.15,11056720
INFY,NSE,2024-12-23,1930.05,1940.0,1909.0,1924.3,2781793
INFY,NSE,2024-12-24,1927.05,1942.0,1840.0,1909.05,2360544
INFY,NSE,2024-12-26,1909.05,1919.75,1902.3,1907.4,3623321
INFY,NSE,2024-12-27,1909.4,1924.15,1903.9,1916.75,3937500
INFY,NSE,2024-12-30,1915.7,1916.0,1886.5,1906.0,7789055
INFY,NSE,2024-12-31,1892.3,1897.0,1845.05,1880.0,3613063
INFY,NSE,2025-01-01,1874.0,1892.95,1874.0,1882.5,1838368
INFY,NSE,2025-01-02,1887.0,1962.65,1885.3,1957.85,7083645
INFY,NSE,2025-01-03,1952.95,1952.95,1922.0,1938.75,6218003
INFY,NSE,2025-01-06,1952.0,1973.0,1928.0,1937.85,7164403
INFY,NSE,2025-01-07,1945.0,1958.55,1923.65,1930.85,4294832
INFY,NSE,2025-01-08,1930.0,1938.6,1888.75,1933.15,5482050
INFY,NSE,2025-01-09,1934.05,1951.85,1910.55,1917.3,6833503
INFY,NSE,2025-01-10,1937.0,1977.8,1932.25,1966.95,8036913
INFY,NSE,2025-01-13,1956.0,1982.8,1949.0,1962.2,5804152
INFY,NSE,2025-01-14,1968.85,1971.8,1931.1,1940.05,5792162
INFY,NSE,2025-01-15,1947.0,1958.05,1937.1,1949.65,2985439
INFY,NSE,2025-01-16,1965.95,1966.95,1916.85,1928.45,7533579
INFY,NSE,2025-01-17,1851.0,1858.0,1812.0,1815.45,16409953
INFY,NSE,2025-01-20,1822.95,1827.95,1793.15,1813.3,4333011
INFY,NSE,2025-01-21,1819.05,1831.65,1793.05,1800.7,7169109
INFY,NSE,2025-01-22,1807.4,1865.8,1805.15,1856.45,8373913
INFY,NSE,2025-01-23,1858.0,1879.55,1852.7,1865.45,5907471
INFY,NSE,2025-01-24,1865.5,1894.9,1864.25,1875.45,4887027
INFY,NSE,2025-01-27,1848.75,1863.0,1812.0,1822.0,7652371
INFY,NSE,2025-01-28,1830.0,1863.5,1824.9,1829.75,6999495
INFY,NSE,2025-01-29,1845.0,1888.65,1840.5,1881.25,5145155
INFY,NSE,2025-01-30,1873.15,1887.2,1844.0,1859.95,7336056
INFY,NSE,2025-01-31,1871.0,1897.45,1871.0,1879.8,5820470
INFY,NSE,2025-02-01,1880.3,1890.6,1846.0,1851.35,1701402
INFY,NSE,2025-02-03,1836.0,1876.55,1832.4,1863.3,4823228
INFY,NSE,2025-02-04,1889.0,1911.2,1875.0,1898.8,7334787
INFY,NSE,2025-02-05,1906.0,1919.7,1894.3,1897.05,4996744
INFY,NSE,2025-02-06,1917.0,1924.0,1900.0,1915.65,4765255
INFY,NSE,2025-02-07,1919.3,1923.7,1889.45,1903.65,4126260
INFY,NSE,2025-02-10,1905.0,1905.0,1878.6,1880.3,3828734
INFY,NSE,2025-02-11,1883.1,1903.0,1870.0,1875.65,4411601
INFY,NSE,2025-02-12,1885.0,1894.6,1847.0,1863.15,5633947
INFY,NSE,2025-02-13,1868.5,1873.5,1835.65,1843.25,5237744
INFY,NSE,2025-02-14,1854.0,1859.3,1828.35,1856.4,5292961
INFY,NSE,2025-02-17,1838.55,1852.75,1822.15,1842.3,4428956
INFY,NSE,2025-02-18,1842.3,1861.65,1837.6,1851.95,4365260
INFY,NSE,2025-02-19,1847.4,1849.2,1805.9,1810.8,4611411
INFY,NSE,2025-02-20,1805.55,1831.0,1805.55,1825.15,2218020
INFY,NSE,2025-02-21,1821.8,1829.85,1806.2,1815.0,3379879
INFY,NSE,2025-02-24,1800.05,1808.0,1750.25,1764.1,7594720
INFY,NSE,2025-02-25,1745.15,1778.45,1745.15,1767.7,5092963
INFY,NSE,2025-02-27,1755.2,1775.85,1751.1,1764.3,5757079
INFY,NSE,2025-02-28,1755.05,1755.1,1682.45,1687.7,12182167
INFY,NSE,2025-03-03,1692.3,1728.6,1692.3,1708.6,7504969
INFY,NSE,2025-03-04,1695.0,1699.0,1670.0,1688.3,6759673
INFY,NSE,2025-03-05,1692.45,1732.95,1692.45,1711.5,8180782
INFY,NSE,2025-03-06,1715.0,1722.3,1691.1,1715.85,10610547
INFY,NSE,2025-03-07,1703.1,1705.0,1675.5,1686.0,8019331
INFY,NSE,2025-03-10,1686.0,1719.0,1676.2,1701.45,7558981
INFY,NSE,2025-03-11,1680.0,1680.0,1637.05,1661.6,12671234
INFY,NSE,2025-03-12,1636.9,1636.9,1563.8,1590.85,14870008
INFY,NSE,2025-03-13,1599.25,1606.05,1570.3,1579.85,7822888
INFY,NSE,2025-03-17,1545.15,1594.0,1545.15,1590.05,7526032
INFY,NSE,2025-03-18,1590.05,1590.05,1590.05,1590.05,0
INFY,NSE,2025-03-19,1603.0,1603.0,1572.8,1586.55,7387068
INFY,NSE,2025-03-20,1592.0,1631.9,1592.0,1615.55,7186750
INFY,NSE,2025-03-21,1577.95,1603.9,1563.65,1592.55,10074677
INFY,NSE,2025-03-24,1597.95,1607.1,1572.7,1592.75,8857726
INFY,NSE,2025-03-25,1605.0,1636.15,1605.0,1628.45,9890140
INFY,NSE,2025-03-26,1626.0,1637.75,1595.0,1599.45,6651302
INFY,NSE,2025-03-27,1595.55,1619.95,1586.0,1603.55,9426573
INFY,NSE,2025-03-28,1590.0,1598.45,1560.0,1570.65,6799047
INFY,NSE,2025-04-01,1539.25,1547.4,1517.85,1526.5,12680733
INFY,NSE,2025-04-02,1535.2,1555.65,1535.2,1550.15,6193478
INFY,NSE,2025-04-03,1534.65,1534.65,1485.05,1496.5,10459504
INFY,NSE,2025-04-04,1460.5,1472.0,1448.0,1451.65,9590254
INFY,NSE,2025-04-07,1352.0,1405.9,1307.0,1396.75,21715252
INFY,NSE,2025-04-08,1431.0,1456.5,1415.0,1428.8,12805001
INFY,NSE,2025-04-09,1405.05,1409.45,1381.9,1403.7,8546854
INFY,NSE,2025-04-11,1411.25,1438.8,1397.05,1409.45,12567440
INFY,NSE,2025-04-15,1445.6,1447.7,1409.0,1426.0,10178530
INFY,NSE,2025-04-16,1425.0,1427.5,1396.8,1413.1,12022740
INFY,NSE,2025-04-17,1398.0,1429.8,1378.3,1419.5,14264227
INFY,NSE,2025-04-21,1410.0,1471.8,1410.0,1451.0,15648970
INFY,NSE,2025-04-22,1440.0,1440.0,1419.3,1422.8,9399738
INFY,NSE,2025-04-23,1446.0,1487.8,1439.6,1474.9,11136642
INFY,NSE,2025-04-24,1469.9,1482.9,1461.5,1471.4,7114292
INFY,NSE,2025-04-25,1475.5,1501.7,1463.5,1480.2,8329979
INFY,NSE,2025-04-28,1480.2,1489.6,1465.3,1482.1,5886253
INFY,NSE,2025-04-29,1482.0,1509.8,1474.1,1497.5,8056743
INFY,NSE,2025-04-30,1496.8,1508.8,1482.6,1500.1,7704183
INFY,NSE,2025-05-02,1499.7,1523.2,1496.2,1506.9,7402310
INFY,NSE,2025-05-05,1515.0,1523.0,1502.8,1508.6,4282493
INFY,NSE,2025-05-06,1506.0,1515.6,1499.1,1511.5,4270530
INFY,NSE,2025-05-07,1500.0,1518.8,1496.6,1508.3,5691799
INFY,NSE,2025-05-08,1508.0,1516.5,1501.2,1511.4,8424409
INFY,NSE,2025-05-09,1500.7,1511.4,1494.1,1507.6,4478653
INFY,NSE,2025-05-12,1537.0,1632.0,1532.0,1626.9,11372857
INFY,NSE,2025-05-13,1609.0,1612.2,1564.6,1568.6,12846210
INFY,NSE,2025-05-14,1574.0,1595.0,1569.5,1592.4,4870057
INFY,NSE,2025-05-15,1589.8,1618.6,1571.0,1613.0,11151167
INFY,NSE,2025-05-16,1612.6,1612.6,1581.5,1589.9,4576751
INFY,NSE,2025-05-19,1576.5,1585.0,1555.7,1559.8,8855798
INFY,NSE,2025-05-20,1570.0,1583.5,1558.0,1560.6,7143998
INFY,NSE,2025-05-21,1567.9,1571.0,1552.1,1568.5,4157309
INFY,NSE,2025-05-22,1555.5,1560.8,1540.0,1547.5,6158990
INFY,NSE,2025-05-23,1550.0,1587.2,1550.0,1564.8,5038421
INFY,NSE,2025-05-26,1566.6,1583.8,1562.7,1580.5,3170102
INFY,NSE,2025-05-27,1579.9,1582.9,1556.4,1570.1,7775714
INFY,NSE,2025-05-28,1581.0,1587.7,1570.0,1571.8,3623370
INFY,NSE,2025-05-29,1589.0,1608.9,1576.6,1585.6,8609500
INFY,NSE,2025-05-30,1571.0,1572.0,1555.1,1562.7,13148092
INFY,NSE,2025-06-02,1560.0,1560.0,1539.0,1553.8,4374509
INFY,NSE,2025-06-03,1559.0,1567.3,1535.6,1543.0,6853403
INFY,NSE,2025-06-04,1543.0,1557.3,1541.4,1551.2,4548307
INFY,NSE,2025-06-05,1547.9,1567.7,1541.6,1554.3,6948539
INFY,NSE,2025-06-06,1554.7,1568.9,1543.1,1563.8,3960020
INFY,NSE,2025-06-09,1578.0,1588.0,1571.0,1572.9,2903202
INFY,NSE,2025-06-10,1584.0,1607.5,1577.5,1596.0,8591925
INFY,NSE,2025-06-11,1590.1,1634.6,1590.1,1631.1,10597410
INFY,NSE,2025-06-12,1617.0,1628.0,1598.1,1608.6,10483574
INFY,NSE,2025-06-13,1576.0,1609.0,1570.2,1602.0,6968315
INFY,NSE,2025-06-16,1600.0,1634.8,1597.1,1623.8,5591842
INFY,NSE,2025-06-17,1620.7,1647.4,1615.6,1639.9,7622083
INFY,NSE,2025-06-18,1621.0,1644.7,1621.0,1632.9,5629707
INFY,NSE,2025-06-19,1623.9,1630.0,1611.5,1618.4,5147760
INFY,NSE,2025-06-20,1619.0,1630.7,1608.9,1622.9,9202821
INFY,NSE,2025-06-23,1601.0,1601.0,1575.4,1584.0,7943676
INFY,NSE,2025-06-24,1601.0,1609.0,1576.6,1581.6,8083992
INFY,NSE,2025-06-25,1590.0,1619.9,1585.1,1614.9,7813533
INFY,NSE,2025-06-26,1608.8,1624.0,1606.6,1616.0,6519233
INFY,NSE,2025-06-27,1619.0,1629.6,1602.4,1608.0,8912268
INFY,NSE,2025-06-30,1615.0,1615.0,1594.1,1601.8,6294505
INFY,NSE,2025-07-01,1609.0,1617.7,1600.5,1606.8,4178937
INFY,NSE,2025-07-02,1618.0,1649.0,1603.4,1610.5,8653641
INFY,NSE,2025-07-03,1618.5,1632.4,1615.0,1618.7,5259695
INFY,NSE,2025-07-04,1625.0,1643.4,1612.3,1640.7,4411273
INFY,NSE,2025-07-07,1640.0,1644.0,1623.0,1627.0,3294523
INFY,NSE,2025-07-08,1628.0,1646.2,1621.5,1638.7,4590681
INFY,NSE,2025-07-09,1637.8,1638.0,1623.6,1633.7,4580828
INFY,NSE,2025-07-10,1638.9,1638.9,1607.1,1615.8,5330179
INFY,NSE,2025-07-11,1579.1,1607.1,1563.0,1594.9,11391755
INFY,NSE,2025-07-14,1591.8,1591.8,1559.8,1570.3,9173426
INFY,NSE,2025-07-15,1565.1,1603.6,1564.0,1585.6,7614807
INFY,NSE,2025-07-16,1579.0,1612.0,1578.5,1607.9,6223491
INFY,NSE,2025-07-17,1598.0,1610.0,1580.1,1583.5,7374814
INFY,NSE,2025-07-18,1592.1,1599.3,1580.0,1586.1,5161833
INFY,NSE,2025-07-21,1580.0,1589.0,1566.8,1584.3,3682661
INFY,NSE,2025-07-22,1565.0,1585.8,1565.0,1570.9,8473741
INFY,NSE,2025-07-23,1576.3,1591.9,1550.0,1574.5,8035026
INFY,NSE,2025-07-24,1580.0,1582.0,1548.2,1552.5,14169664
INFY,NSE,2025-07-25,1543.4,1549.5,1511.3,1515.7,10851259
INFY,NSE,2025-07-28,1513.9,1519.3,1482.5,1516.0,6439855
INFY,NSE,2025-07-29,1512.9,1517.2,1496.1,1513.7,7070448
INFY,NSE,2025-07-30,1519.9,1521.7,1506.0,1519.0,5719051
INFY,NSE,2025-07-31,1509.7,1527.1,1497.0,1509.0,6851407
INFY,NSE,2025-08-01,1493.9,1498.7,1465.5,1469.6,8702978
INFY,NSE,2025-08-04,1461.5,1482.8,1451.0,1480.5,8610216
INFY,NSE,2025-08-05,1478.7,1478.7,1455.0,1460.3,10213323
INFY,NSE,2025-08-06,1452.0,1456.1,1430.3,1436.7,10566934
INFY,NSE,2025-08-07,1430.0,1442.0,1414.2,1436.9,9892020
INFY,NSE,2025-08-08,1425.0,1433.2,1417.1,1423.1,10048009
INFY,NSE,2025-08-11,1419.9,1433.4,1414.0,1428.2,6625368
INFY,NSE,2025-08-12,1428.2,1441.0,1421.0,1424.1,9899184
INFY,NSE,2025-08-13,1425.0,1434.0,1422.4,1426.6,10318063
INFY,NSE,2025-08-14,1426.2,1470.0,1426.2,1447.7,12902347
INFY,NSE,2025-08-18,1464.7,1464.7,1429.6,1435.8,7254561
INFY,NSE,2025-08-19,1432.7,1449.4,1432.7,1440.0,3986094
INFY,NSE,2025-08-20,1440.7,1499.0,1440.7,1496.2,10413061
INFY,NSE,2025-08-21,1508.0,1508.0,1484.3,1496.4,6565539
INFY,NSE,2025-08-22,1498.1,1504.3,1486.1,1487.5,5543397
INFY,NSE,2025-08-25,1506.7,1539.0,1506.7,1532.1,10694531
INFY,NSE,2025-08-26,1523.0,1538.4,1518.6,1529.6,15994798
INFY,NSE,2025-08-28,1529.6,1529.6,1498.0,1500.1,5443364
INFY,NSE,2025-08-29,1501.9,1501.9,1467.7,1469.6,8169075
INFY,NSE,2025-09-01,1476.7,1503.4,1476.2,1499.4,4546057
INFY,NSE,2025-09-02,1499.4,1512.8,1486.3,1498.7,5218763
INFY,NSE,2025-09-03,1500.0,1501.9,1473.0,1479.1,4623483
INFY,NSE,2025-09-04,1484.0,1484.0,1460.1,1463.0,5787724
INFY,NSE,2025-09-05,1470.0,1472.7,1433.0,1444.6,5466487
INFY,NSE,2025-09-08,1451.0,1458.0,1428.3,1432.9,3811567
INFY,NSE,2025-09-09,1481.0,1507.2,1472.5,1504.3,13072640
INFY,NSE,2025-09-10,1510.1,1534.9,1509.3,1532.6,7281071
INFY,NSE,2025-09-11,1523.9,1527.5,1506.5,1509.7,8003662
INFY,NSE,2025-09-12,1537.0,1542.9,1521.1,1525.6,12856963
INFY,NSE,2025-09-15,1525.6,1527.5,1501.2,1508.4,6167414
INFY,NSE,2025-09-16,1508.4,1514.0,1503.5,1511.3,8923112
INFY,NSE,2025-09-17,1516.9,1526.7,1514.0,1522.4,4795698
INFY,NSE,2025-09-18,1550.0,1555.0,1538.5,1540.6,9331945
INFY,NSE,2025-09-19,1544.6,1551.3,1520.1,1540.2,12988129
INFY,NSE,2025-09-22,1482.7,1514.7,1482.0,1499.5,15655204
INFY,NSE,2025-09-23,1493.0,1513.0,1493.0,1497.5,9832164
INFY,NSE,2025-09-24,1487.2,1496.7,1482.7,1494.6,4937004
INFY,NSE,2025-09-25,1489.0,1502.7,1476.5,1484.8,9491867
INFY,NSE,2025-09-26,1475.0,1478.7,1441.2,1448.9,8597058
INFY,NSE,2025-09-29,1460.0,1465.0,1436.5,1441.8,10513117
INFY,NSE,2025-09-30,1443.0,1452.2,1438.1,1441.8,7556305
INFY,NSE,2025-10-01,1446.0,1449.5,1427.4,1445.8,6250692
INFY,NSE,2025-10-03,1439.0,1448.3,1433.2,1446.6,6877533
INFY,NSE,2025-10-06,1446.6,1478.8,1442.3,1476.0,4630590
INFY,NSE,2025-10-07,1477.7,1482.9,1454.0,1458.5,5570320
INFY,NSE,2025-10-08,1457.0,1498.0,1455.0,1495.0,4657192
INFY,NSE,2025-10-09,1502.0,1514.0,1487.0,1509.3,7028753
INFY,NSE,2025-10-10,1510.0,1521.7,1498.8,1514.9,3738353
INFY,NSE,2025-10-13,1497.0,1504.7,1483.4,1493.2,5859355
INFY,NSE,2025-10-14,1499.0,1514.4,1486.5,1489.9,5600789
INFY,NSE,2025-10-15,1483.9,1488.6,1467.5,1474.4,6986098
INFY,NSE,2025-10-16,1473.9,1474.5,1460.5,1471.5,8005748
INFY,NSE,2025-10-17,1454.9,1458.4,1434.0,1441.1,16959378
INFY,NSE,2025-10-20,1453.7,1467.0,1450.0,1460.9,6994246
INFY,NSE,2025-10-21,1478.0,1486.0,1470.0,1472.4,1698704
INFY,NSE,2025-10-23,1510.0,1546.0,1506.0,1528.5,20358624
INFY,NSE,2025-10-24,1539.5,1543.0,1518.0,1525.4,8652257
INFY,NSE,2025-10-27,1510.0,1515.3,1498.1,1504.5,7273211
INFY,NSE,2025-10-28,1499.7,1506.5,1490.5,1500.2,8211019
INFY,NSE,2025-10-29,1500.2,1520.2,1496.9,1510.4,4884976
INFY,NSE,2025-10-30,1507.0,1508.2,1489.1,1493.8,5608867
INFY,NSE,2025-10-31,1490.0,1497.1,1480.7,1482.3,4819814
INFY,NSE,2025-11-03,1482.3,1491.4,1474.2,1485.5,5470600
INFY,NSE,2025-11-04,1479.7,1481.9,1462.9,1467.9,8691330
INFY,NSE,2025-11-06,1478.6,1483.0,1461.9,1466.7,7944752
INFY,NSE,2025-11-07,1470.0,1480.9,1449.1,1476.8,8765759
INFY,NSE,2025-11-10,1490.1,1520.0,1490.0,1513.5,9787975
INFY,NSE,2025-11-11,1525.0,1533.4,1511.1,1530.3,13692989
INFY,NSE,2025-11-12,1540.0,1559.2,1538.1,1551.7,14635417
INFY,NSE,2025-11-13,1557.1,1557.5,1530.3,1541.8,19655689
INFY,NSE,2025-11-14,1520.0,1530.0,1488.8,1502.8,9739549
INFY,NSE,2025-11-17,1496.0,1510.2,1492.5,1507.6,7910354
INFY,NSE,2025-11-18,1506.0,1506.0,1483.2,1486.4,7525119
INFY,NSE,2025-11-19,1490.5,1543.0,1490.5,1541.1,10981126
INFY,NSE,2025-11-20,1555.0,1555.0,1534.0,1536.5,7387584
INFY,NSE,2025-11-21,1531.0,1551.5,1526.3,1545.0,9186302
INFY,NSE,2025-11-24,1563.6,1585.0,1541.0,1548.0,19270381
INFY,NSE,2025-11-25,1549.0,1550.6,1525.9,1530.6,8107952
INFY,NSE,2025-11-26,1532.1,1560.3,1532.1,1557.9,7575038
INFY,NSE,2025-11-27,1564.0,1574.3,1552.2,1566.4,7552252
INFY,NSE,2025-11-28,1565.0,1568.4,1557.0,1560.1,4453221
INFY,NSE,2025-12-01,1562.5,1574.0,1556.0,1564.0,5341800
INFY,NSE,2025-12-02,1567.0,1579.9,1556.1,1561.0,6335969
INFY,NSE,2025-12-03,1555.1,1586.0,1554.1,1578.7,12895312
INFY,NSE,2025-12-04,1568.0,1599.0,1568.0,1597.6,12609619
INFY,NSE,2025-12-05,1610.0,1631.8,1600.0,1616.2,10344725
INFY,NSE,2025-12-08,1617.1,1630.0,1600.2,1610.8,7550413
INFY,NSE,2025-12-09,1601.2,1606.9,1582.4,1599.0,6957599
INFY,NSE,2025-12-10,1608.0,1608.0,1582.8,1584.8,5116140
INFY,NSE,2025-12-11,1598.0,1607.4,1580.5,1598.0,5159319
INFY,NSE,2025-12-12,1601.4,1601.8,1582.6,1598.2,4633912
INFY,NSE,2025-12-15,1585.0,1610.8,1585.0,1606.8,4190558
INFY,NSE,2025-12-16,1600.0,1603.0,1585.6,1592.9,5499258
INFY,NSE,2025-12-17,1587.2,1606.9,1586.0,1602.0,4817628
INFY,NSE,2025-12-18,1610.5,1630.0,1606.7,1626.8,6577293
INFY,NSE,2025-12-19,1650.0,1654.9,1629.8,1638.7,13149023
INFY,NSE,2025-12-22,1664.0,1693.2,1664.0,1689.6,23098923
INFY,NSE,2025-12-23,1679.0,1679.0,1656.4,1668.3,6593060
INFY,NSE,2025-12-24,1661.0,1667.6,1652.5,1663.4,4271167
INFY,NSE,2025-12-26,1663.4,1668.8,1651.7,1656.1,2006491
INFY,NSE,2025-12-29,1658.0,1673.1,1637.1,1644.7,4062817
INFY,NSE,2025-12-30,1647.0,1647.9,1616.8,1621.6,9395937
